BEGIN;

-- ==========================================================
-- 1. ORGANIZATIONS
-- ==========================================================

INSERT INTO public.organizations (id, name, owner_id, status, join_system)
VALUES 
('10000000-0000-0000-0000-000000000001',
 'AceVersey',
 'c12c1f7e-6900-40bc-b25b-e3abf0066cef',
 'active',
 'public')
ON CONFLICT (id) DO NOTHING;

-- ==========================================================
-- AUTH METADATA
-- ==========================================================

UPDATE auth.users 
SET raw_app_meta_data = raw_app_meta_data || jsonb_build_object('avatar_url', 'https://api.dicebear.com/7.x/pixel-art/svg?seed=Alpha')
WHERE id = 'c12c1f7e-6900-40bc-b25b-e3abf0066cef';

UPDATE auth.users 
SET raw_app_meta_data = raw_app_meta_data || jsonb_build_object('avatar_url', 'https://api.dicebear.com/7.x/pixel-art/svg?seed=Alpha')
WHERE id = '5cefd05a-e5af-49dc-9765-baa882cb1382';

UPDATE auth.users 
SET raw_app_meta_data = raw_app_meta_data || jsonb_build_object('avatar_url', 'https://api.dicebear.com/7.x/pixel-art/svg?seed=Alpha')
WHERE id = '22aa5d18-441f-4881-bd9d-cede01496b59';

UPDATE auth.users 
SET raw_app_meta_data = raw_app_meta_data || jsonb_build_object('avatar_url', 'https://api.dicebear.com/7.x/pixel-art/svg?seed=Alpha')
WHERE id = 'fca16117-5dbf-45a1-81fb-c74e4989a14d';

UPDATE auth.users 
SET raw_app_meta_data = raw_app_meta_data || jsonb_build_object('avatar_url', 'https://api.dicebear.com/7.x/pixel-art/svg?seed=Beta')
WHERE id = '227dc6af-bde5-472d-b634-7418080a7721';

UPDATE auth.users 
SET raw_app_meta_data = raw_app_meta_data || jsonb_build_object('avatar_url', 'https://api.dicebear.com/7.x/pixel-art/svg?seed=Gamma')
WHERE id = '4b571b6a-2a82-4a5b-85a9-35f13ba8feab';

-- ==========================================================
-- 2. MEMBERSHIPS
-- ==========================================================

INSERT INTO public.memberships (id, user_id, organization_id, member_role, status, on_free_trial)
VALUES 
('20000000-0000-0000-0000-000000000001','c12c1f7e-6900-40bc-b25b-e3abf0066cef','10000000-0000-0000-0000-000000000001','owner','active',false),
('20000000-0000-0000-0000-000000000002','5cefd05a-e5af-49dc-9765-baa882cb1382','10000000-0000-0000-0000-000000000001','teacher','active',false),
('20000000-0000-0000-0000-000000000003','22aa5d18-441f-4881-bd9d-cede01496b59','10000000-0000-0000-0000-000000000001','teacher','active',false),
('20000000-0000-0000-0000-000000000004','fca16117-5dbf-45a1-81fb-c74e4989a14d','10000000-0000-0000-0000-000000000001','student','active',false),
('20000000-0000-0000-0000-000000000005','227dc6af-bde5-472d-b634-7418080a7721','10000000-0000-0000-0000-000000000001','student','active',false),
('20000000-0000-0000-0000-000000000006','4b571b6a-2a82-4a5b-85a9-35f13ba8feab','10000000-0000-0000-0000-000000000001','student','active',false)
ON CONFLICT (id) DO NOTHING;

-- c12c1f7e-6900-40bc-b25b-e3abf0066cef
-- 5cefd05a-e5af-49dc-9765-baa882cb1382
-- 22aa5d18-441f-4881-bd9d-cede01496b59
-- fca16117-5dbf-45a1-81fb-c74e4989a14d
-- 227dc6af-bde5-472d-b634-7418080a7721
-- 4b571b6a-2a82-4a5b-85a9-35f13ba8feab

-- ==========================================================
-- 3. BATCHES
-- ==========================================================

INSERT INTO public.batches (id, organization_id, name)
VALUES 
('30000000-0000-0000-0000-000000000001','10000000-0000-0000-0000-000000000001','Science Alpha 2026'),
('30000000-0000-0000-0000-000000000002','10000000-0000-0000-0000-000000000001','Math Titans 2026')
ON CONFLICT (id) DO NOTHING;

-- ==========================================================
-- 4. BATCH MEMBER MAPPER
-- ==========================================================

INSERT INTO public.batch_member_mapper (organization_id, batch_id, student_member_id)
VALUES 
('10000000-0000-0000-0000-000000000001','30000000-0000-0000-0000-000000000001','20000000-0000-0000-0000-000000000004'),
('10000000-0000-0000-0000-000000000001','30000000-0000-0000-0000-000000000001','20000000-0000-0000-0000-000000000005'),
('10000000-0000-0000-0000-000000000001','30000000-0000-0000-0000-000000000002','20000000-0000-0000-0000-000000000006')
ON CONFLICT DO NOTHING;

-- ==========================================================
-- 5. SUBJECTS
-- ==========================================================

INSERT INTO public.subjects (id, organization_id, name)
VALUES 
('40000000-0000-0000-0000-000000000001','10000000-0000-0000-0000-000000000001','Mathematics'),
('40000000-0000-0000-0000-000000000002','10000000-0000-0000-0000-000000000001','Physics'),
('40000000-0000-0000-0000-000000000003','10000000-0000-0000-0000-000000000001','Chemistry'),
('40000000-0000-0000-0000-000000000004','10000000-0000-0000-0000-000000000001','Biology')
ON CONFLICT (id) DO NOTHING;

-- ==========================================================
-- 6. EXAMS
-- ==========================================================

INSERT INTO public.exams (id, organization_id, title, created_by, duration, pass_threshold_type, pass_threshold_value, has_negative_marking, negative_marks_value, allow_type)
VALUES 
('50000000-0000-0000-0000-000000000001','10000000-0000-0000-0000-000000000001','Math Midterm','20000000-0000-0000-0000-000000000002',60,'fixed',20,false,0,'everyone_in_org'),
('50000000-0000-0000-0000-000000000002','10000000-0000-0000-0000-000000000001','Physics Mastery','20000000-0000-0000-0000-000000000002',120,'percent',50,true,1.0,'everyone_in_org'),
('50000000-0000-0000-0000-000000000003','10000000-0000-0000-0000-000000000001','Organic Pop Quiz','20000000-0000-0000-0000-000000000003',30,'fixed',15,true,0.5,'everyone_in_org')
ON CONFLICT (id) DO NOTHING;

-- ==========================================================
-- 7. EXAM SEGMENTS
-- ==========================================================

INSERT INTO public.exam_segments (id, organization_id, exam_id, name, order_index, requires_individual_pass)
VALUES 
('60000000-0000-0000-0000-000000000001','10000000-0000-0000-0000-000000000001','50000000-0000-0000-0000-000000000001','Algebra Essentials','1',true),
('60000000-0000-0000-0000-000000000002','10000000-0000-0000-0000-000000000001','50000000-0000-0000-0000-000000000001','Geometry & Trigo','2',true),
('60000000-0000-0000-0000-000000000003','10000000-0000-0000-0000-000000000001','50000000-0000-0000-0000-000000000002','Classical Mechanics','1',false),
('60000000-0000-0000-0000-000000000004','10000000-0000-0000-0000-000000000001','50000000-0000-0000-0000-000000000002','Thermodynamics','2',false),
('60000000-0000-0000-0000-000000000005','10000000-0000-0000-0000-000000000001','50000000-0000-0000-0000-000000000003','Alkanes','1',true)
ON CONFLICT (id) DO NOTHING;

-- ==========================================================
-- 8. QUESTIONS
-- ==========================================================

INSERT INTO public.questions (id, organization_id, exam_id, segment_id, subject_id, question_text, question_type, options, correct_answer, marks, negative_marks)
VALUES 
('70000000-0000-0000-0000-000000000001','10000000-0000-0000-0000-000000000001','50000000-0000-0000-0000-000000000001','60000000-0000-0000-0000-000000000001','40000000-0000-0000-0000-000000000001','Solve for x: 2x + 10 = 20','short_answer',NULL,'5',10,0),
('70000000-0000-0000-0000-000000000002','10000000-0000-0000-0000-000000000001','50000000-0000-0000-0000-000000000001','60000000-0000-0000-0000-000000000001','40000000-0000-0000-0000-000000000001','Which is a prime?','mcq','{"1":"4","2":"6","3":"7","4":"9"}','3',5,0),
('70000000-0000-0000-0000-000000000003','10000000-0000-0000-0000-000000000001','50000000-0000-0000-0000-000000000001','60000000-0000-0000-0000-000000000002','40000000-0000-0000-0000-000000000001','Sum of angles in a triangle?','short_answer',NULL,'180',5,0),
('70000000-0000-0000-0000-000000000004','10000000-0000-0000-0000-000000000001','50000000-0000-0000-0000-000000000001','60000000-0000-0000-0000-000000000002','40000000-0000-0000-0000-000000000001','Pi is approx?','mcq','{"1":"3.14","2":"2.71","3":"1.61"}','1',5,0),

('70000000-0000-0000-0000-000000000005','10000000-0000-0000-0000-000000000001','50000000-0000-0000-0000-000000000002','60000000-0000-0000-0000-000000000003','40000000-0000-0000-0000-000000000002','F = ?','mcq','{"1":"ma","2":"mv","3":"m/a"}','1',10,2),
('70000000-0000-0000-0000-000000000006','10000000-0000-0000-0000-000000000001','50000000-0000-0000-0000-000000000002','60000000-0000-0000-0000-000000000003','40000000-0000-0000-0000-000000000002','Unit of Force?','mcq','{"1":"Watt","2":"Newton","3":"Joule"}','2',10,2),
('70000000-0000-0000-0000-000000000007','10000000-0000-0000-0000-000000000001','50000000-0000-0000-0000-000000000002','60000000-0000-0000-0000-000000000004','40000000-0000-0000-0000-000000000002','First Law of Thermo?','short_answer',NULL,'conservation',15,5),
('70000000-0000-0000-0000-000000000008','10000000-0000-0000-0000-000000000001','50000000-0000-0000-0000-000000000002','60000000-0000-0000-0000-000000000004','40000000-0000-0000-0000-000000000002','Absolute zero in C?','short_answer',NULL,'-273',15,5),

('70000000-0000-0000-0000-000000000009','10000000-0000-0000-0000-000000000001','50000000-0000-0000-0000-000000000003','60000000-0000-0000-0000-000000000005','40000000-0000-0000-0000-000000000003','Methane carbon count?','mcq','{"1":"1","2":"2","3":"3"}','1',10,5),
('70000000-0000-0000-0000-000000000010','10000000-0000-0000-0000-000000000001','50000000-0000-0000-0000-000000000003','60000000-0000-0000-0000-000000000005','40000000-0000-0000-0000-000000000003','Bonding in H2O?','mcq','{"1":"Ionic","2":"Covalent"}','2',10,5),

('70000000-0000-0000-0000-000000000011','10000000-0000-0000-0000-000000000001',NULL,NULL,'40000000-0000-0000-0000-000000000004','What is DNA?','short_answer',NULL,'genetic material',10,0),
('70000000-0000-0000-0000-000000000012','10000000-0000-0000-0000-000000000001',NULL,NULL,'40000000-0000-0000-0000-000000000004','Powerhouse of cell?','mcq','{"1":"Mito","2":"Nucleus"}','1',5,0),
('70000000-0000-0000-0000-000000000013','10000000-0000-0000-0000-000000000001',NULL,NULL,'40000000-0000-0000-0000-000000000001','Orphan Math Q','short_answer',NULL,'42',10,0)
ON CONFLICT (id) DO NOTHING;

-- ==========================================================
-- 10. SUBMISSIONS (INCLUDING FIXED subm-05)
-- ==========================================================

INSERT INTO public.submissions (id, organization_id, exam_id, student_member_id, started_at, submitted_at, is_graded, total_score, passed)
VALUES 
('80000000-0000-0000-0000-000000000001','10000000-0000-0000-0000-000000000001','50000000-0000-0000-0000-000000000001','20000000-0000-0000-0000-000000000004',NOW()-INTERVAL '1h',NOW()-INTERVAL '40m',true,25,true),
('80000000-0000-0000-0000-000000000002','10000000-0000-0000-0000-000000000001','50000000-0000-0000-0000-000000000002','20000000-0000-0000-0000-000000000004',NOW()-INTERVAL '2h',NOW()-INTERVAL '1h',true,50,true),
('80000000-0000-0000-0000-000000000003','10000000-0000-0000-0000-000000000001','50000000-0000-0000-0000-000000000002','20000000-0000-0000-0000-000000000005',NOW()-INTERVAL '1h',NOW()-INTERVAL '10m',true,-14,false),
('80000000-0000-0000-0000-000000000004','10000000-0000-0000-0000-000000000001','50000000-0000-0000-0000-000000000003','20000000-0000-0000-0000-000000000006',NOW()-INTERVAL '30m',NOW()-INTERVAL '5m',true,10,false),
('80000000-0000-0000-0000-000000000005','10000000-0000-0000-0000-000000000001','50000000-0000-0000-0000-000000000001','20000000-0000-0000-0000-000000000005',NOW()-INTERVAL '1h',NOW()-INTERVAL '30m',true,20,true),
('80000000-0000-0000-0000-000000000007','10000000-0000-0000-0000-000000000001','50000000-0000-0000-0000-000000000001','20000000-0000-0000-0000-000000000005',NOW()-INTERVAL '1h',NOW()-INTERVAL '5m',false,0,false)
ON CONFLICT (id) DO NOTHING;

COMMIT;
