-- Seed script for AceVerse Database

-- 0. Auth Users (Mock data for foreign key constraints)
INSERT INTO auth.users (id, instance_id, aud, role, email, encrypted_password, email_confirmed_at, raw_app_meta_data, raw_user_meta_data, created_at, updated_at)
VALUES 
('10000000-0000-0000-0000-100000000001', '00000000-0000-0000-0000-000000000000', 'authenticated', 'authenticated', 'admin@example.com', 'mock_hashed_pass', NOW(), '{"provider":"email","providers":["email"]}', '{"name":"Admin User"}', NOW(), NOW()),
('20000000-0000-0000-0000-200000000002', '00000000-0000-0000-0000-000000000000', 'authenticated', 'authenticated', 'teacher@example.com', 'mock_hashed_pass', NOW(), '{"provider":"email","providers":["email"]}', '{"name":"Teacher User"}', NOW(), NOW()),
('30000000-0000-0000-0000-300000000003', '00000000-0000-0000-0000-000000000000', 'authenticated', 'authenticated', 'student@example.com', 'mock_hashed_pass', NOW(), '{"provider":"email","providers":["email"]}', '{"name":"Student User"}', NOW(), NOW()),
('40000000-0000-0000-0000-400000000004', '00000000-0000-0000-0000-000000000000', 'authenticated', 'authenticated', 'pending_student@example.com', 'mock_hashed_pass', NOW(), '{"provider":"email","providers":["email"]}', '{"name":"Pending User"}', NOW(), NOW()),
('50000000-0000-0000-0000-500000000005', '00000000-0000-0000-0000-000000000000', 'authenticated', 'authenticated', 'student2@example.com', 'mock_hashed_pass', NOW(), '{"provider":"email","providers":["email"]}', '{"name":"Student User 2"}', NOW(), NOW()),
('60000000-0000-0000-0000-600000000006', '00000000-0000-0000-0000-000000000000', 'authenticated', 'authenticated', 'student3@example.com', 'mock_hashed_pass', NOW(), '{"provider":"email","providers":["email"]}', '{"name":"Student User 3"}', NOW(), NOW())
ON CONFLICT (id) DO NOTHING;

-- 1. Organizations
INSERT INTO public.organizations (id, name, owner_id, status, join_system)
VALUES 
('org00000-0000-0000-0000-000000000001', 'AceVerse Institute', '10000000-0000-0000-0000-100000000001', 'active', 'public')
ON CONFLICT (id) DO NOTHING;

-- 2. Memberships
INSERT INTO public.memberships (id, user_id, organization_id, member_role, status, on_free_trial)
VALUES 
('mem00000-0000-0000-0000-100000000001', '10000000-0000-0000-0000-100000000001', 'org00000-0000-0000-0000-000000000001', 'owner', 'active', false),
('mem00000-0000-0000-0000-200000000002', '20000000-0000-0000-0000-200000000002', 'org00000-0000-0000-0000-000000000001', 'teacher', 'active', false),
('mem00000-0000-0000-0000-300000000003', '30000000-0000-0000-0000-300000000003', 'org00000-0000-0000-0000-000000000001', 'student', 'active', false),
('mem00000-0000-0000-0000-500000000005', '50000000-0000-0000-0000-500000000005', 'org00000-0000-0000-0000-000000000001', 'student', 'active', false),
('mem00000-0000-0000-0000-600000000006', '60000000-0000-0000-0000-600000000006', 'org00000-0000-0000-0000-000000000001', 'student', 'active', false)
ON CONFLICT (id) DO NOTHING;

-- 3. Payments
INSERT INTO public.payments (id, membership_id, tran_id, bank_tran_id, amount, currency, status)
VALUES
('pay00000-0000-0000-0000-000000000001', 'mem00000-0000-0000-0000-300000000003', 'TXN-12345', 'BANK-98765', 500.00, 'BDT', 'success')
ON CONFLICT (id) DO NOTHING;

-- 4. Subjects
INSERT INTO public.subjects (id, organization_id, name)
VALUES 
('sub00000-0000-0000-0000-000000000001', 'org00000-0000-0000-0000-000000000001', 'Mathematics'),
('sub00000-0000-0000-0000-000000000002', 'org00000-0000-0000-0000-000000000001', 'Physics'),
('sub00000-0000-0000-0000-000000000003', 'org00000-0000-0000-0000-000000000001', 'Chemistry')
ON CONFLICT (id) DO NOTHING;

-- 5. Exams
INSERT INTO public.exams (id, organization_id, title, description, created_by, is_published, has_publishable_changes, duration, pass_threshold_type, pass_threshold_value, allow_type, allow_instant_result)
VALUES 
('exa00000-0000-0000-0000-000000000001', 'org00000-0000-0000-0000-000000000001', 'Midterm Math Test', 'A comprehensive math test', 'mem00000-0000-0000-0000-200000000002', true, false, 60, 'fixed', 40, 'public', true),
('exa00000-0000-0000-0000-000000000002', 'org00000-0000-0000-0000-000000000001', 'Physics Final Exam', 'End of year physics overview', 'mem00000-0000-0000-0000-200000000002', true, false, 120, 'fixed', 50, 'public', true),
('exa00000-0000-0000-0000-000000000003', 'org00000-0000-0000-0000-000000000001', 'Chemistry Quiz', 'Weekly chemistry pop quiz', 'mem00000-0000-0000-0000-200000000002', true, false, 30, 'fixed', 30, 'public', true)
ON CONFLICT (id) DO NOTHING;

-- 6. Exam Segments
INSERT INTO public.exam_segments (id, organization_id, exam_id, name, order_index, requires_individual_pass)
VALUES 
('seg00000-0000-0000-0000-000000000001', 'org00000-0000-0000-0000-000000000001', 'exa00000-0000-0000-0000-000000000001', 'Algebra', '1', false),
('seg00000-0000-0000-0000-000000000002', 'org00000-0000-0000-0000-000000000001', 'exa00000-0000-0000-0000-000000000001', 'Geometry', '2', false),
('seg00000-0000-0000-0000-000000000003', 'org00000-0000-0000-0000-000000000001', 'exa00000-0000-0000-0000-000000000002', 'Mechanics', '1', false),
('seg00000-0000-0000-0000-000000000004', 'org00000-0000-0000-0000-000000000001', 'exa00000-0000-0000-0000-000000000003', 'Organic', '1', false)
ON CONFLICT (id) DO NOTHING;

-- 7. Questions
INSERT INTO public.questions (id, organization_id, subject_id, exam_id, segment_id, question_text, question_type, options, correct_answer, marks, order_index)
VALUES 
('que00000-0000-0000-0000-000000000001', 'org00000-0000-0000-0000-000000000001', 'sub00000-0000-0000-0000-000000000001', 'exa00000-0000-0000-0000-000000000001', 'seg00000-0000-0000-0000-000000000001', 'What is 2 + 2?', 'mcq', '["2", "3", "4", "5"]', '4', 5, '1'),
('que00000-0000-0000-0000-000000000002', 'org00000-0000-0000-0000-000000000001', 'sub00000-0000-0000-0000-000000000001', 'exa00000-0000-0000-0000-000000000001', 'seg00000-0000-0000-0000-000000000002', 'What is the sum of angles in a triangle?', 'short_answer', null, '180', 5, '2'),
('que00000-0000-0000-0000-000000000003', 'org00000-0000-0000-0000-000000000001', 'sub00000-0000-0000-0000-000000000002', 'exa00000-0000-0000-0000-000000000002', 'seg00000-0000-0000-0000-000000000003', 'Physics Q1: Force equals mass times...', 'mcq', '["velocity", "acceleration", "speed", "distance"]', 'acceleration', 5, '1'),
('que00000-0000-0000-0000-000000000004', 'org00000-0000-0000-0000-000000000001', 'sub00000-0000-0000-0000-000000000002', 'exa00000-0000-0000-0000-000000000002', 'seg00000-0000-0000-0000-000000000003', 'Physics Q2: Unit of power?', 'mcq', '["joule", "watt", "newton", "ohm"]', 'watt', 5, '2'),
('que00000-0000-0000-0000-000000000005', 'org00000-0000-0000-0000-000000000001', 'sub00000-0000-0000-0000-000000000002', 'exa00000-0000-0000-0000-000000000002', 'seg00000-0000-0000-0000-000000000003', 'Physics Q3: Speed of light c?', 'short_answer', null, '300000000', 5, '3'),
('que00000-0000-0000-0000-000000000006', 'org00000-0000-0000-0000-000000000001', 'sub00000-0000-0000-0000-000000000002', 'exa00000-0000-0000-0000-000000000002', 'seg00000-0000-0000-0000-000000000003', 'Physics Q4: Gravity acceleration g?', 'mcq', '["9.8", "10", "11", "9"]', '9.8', 5, '4'),
('que00000-0000-0000-0000-000000000007', 'org00000-0000-0000-0000-000000000001', 'sub00000-0000-0000-0000-000000000002', 'exa00000-0000-0000-0000-000000000002', 'seg00000-0000-0000-0000-000000000003', 'Physics Q5: What is voltage?', 'mcq', '["potential", "current", "resistance", "power"]', 'potential', 5, '5'),
('que00000-0000-0000-0000-000000000008', 'org00000-0000-0000-0000-000000000001', 'sub00000-0000-0000-0000-000000000002', 'exa00000-0000-0000-0000-000000000002', 'seg00000-0000-0000-0000-000000000003', 'Physics Q6: First law of thermodynamics?', 'short_answer', null, 'conservation', 5, '6'),
('que00000-0000-0000-0000-000000000009', 'org00000-0000-0000-0000-000000000001', 'sub00000-0000-0000-0000-000000000002', 'exa00000-0000-0000-0000-000000000002', 'seg00000-0000-0000-0000-000000000003', 'Physics Q7: SI unit of mass?', 'mcq', '["gram", "kilogram", "tonne", "pound"]', 'kilogram', 5, '7'),
('que00000-0000-0000-0000-000000000010', 'org00000-0000-0000-0000-000000000001', 'sub00000-0000-0000-0000-000000000002', 'exa00000-0000-0000-0000-000000000002', 'seg00000-0000-0000-0000-000000000003', 'Physics Q8: Electron charge?', 'mcq', '["positive", "negative", "neutral", "variable"]', 'negative', 5, '8'),
('que00000-0000-0000-0000-000000000011', 'org00000-0000-0000-0000-000000000001', 'sub00000-0000-0000-0000-000000000002', 'exa00000-0000-0000-0000-000000000002', 'seg00000-0000-0000-0000-000000000003', 'Physics Q9: Light behaves as?', 'mcq', '["wave", "particle", "both", "neither"]', 'both', 5, '9'),
('que00000-0000-0000-0000-000000000012', 'org00000-0000-0000-0000-000000000001', 'sub00000-0000-0000-0000-000000000002', 'exa00000-0000-0000-0000-000000000002', 'seg00000-0000-0000-0000-000000000003', 'Physics Q10: Hookes law constant?', 'short_answer', null, 'k', 5, '10'),

('que00000-0000-0000-0000-000000000013', 'org00000-0000-0000-0000-000000000001', 'sub00000-0000-0000-0000-000000000003', 'exa00000-0000-0000-0000-000000000003', 'seg00000-0000-0000-0000-000000000004', 'Chem Q1: Formual for water?', 'short_answer', null, 'H2O', 5, '1'),
('que00000-0000-0000-0000-000000000014', 'org00000-0000-0000-0000-000000000001', 'sub00000-0000-0000-0000-000000000003', 'exa00000-0000-0000-0000-000000000003', 'seg00000-0000-0000-0000-000000000004', 'Chem Q2: pH of neutral water?', 'mcq', '["5", "6", "7", "8"]', '7', 5, '2'),
('que00000-0000-0000-0000-000000000015', 'org00000-0000-0000-0000-000000000001', 'sub00000-0000-0000-0000-000000000003', 'exa00000-0000-0000-0000-000000000003', 'seg00000-0000-0000-0000-000000000004', 'Chem Q3: Atomic number of Carbon?', 'mcq', '["12", "6", "14", "8"]', '6', 5, '3'),
('que00000-0000-0000-0000-000000000016', 'org00000-0000-0000-0000-000000000001', 'sub00000-0000-0000-0000-000000000003', 'exa00000-0000-0000-0000-000000000003', 'seg00000-0000-0000-0000-000000000004', 'Chem Q4: Noble gas example', 'mcq', '["Helium", "Hydrogen", "Oxygen", "Nitrogen"]', 'Helium', 5, '4'),
('que00000-0000-0000-0000-000000000017', 'org00000-0000-0000-0000-000000000001', 'sub00000-0000-0000-0000-000000000003', 'exa00000-0000-0000-0000-000000000003', 'seg00000-0000-0000-0000-000000000004', 'Chem Q5: NaCl common name?', 'short_answer', null, 'salt', 5, '5'),
('que00000-0000-0000-0000-000000000018', 'org00000-0000-0000-0000-000000000001', 'sub00000-0000-0000-0000-000000000003', 'exa00000-0000-0000-0000-000000000003', 'seg00000-0000-0000-0000-000000000004', 'Chem Q6: CO2 is?', 'mcq', '["Carbon monoxide", "Carbon dioxide", "Cobalt", "Copper"]', 'Carbon dioxide', 5, '6'),
('que00000-0000-0000-0000-000000000019', 'org00000-0000-0000-0000-000000000001', 'sub00000-0000-0000-0000-000000000003', 'exa00000-0000-0000-0000-000000000003', 'seg00000-0000-0000-0000-000000000004', 'Chem Q7: Most abundant gas?', 'mcq', '["Oxygen", "Carbon", "Nitrogen", "Argon"]', 'Nitrogen', 5, '7'),
('que00000-0000-0000-0000-000000000020', 'org00000-0000-0000-0000-000000000001', 'sub00000-0000-0000-0000-000000000003', 'exa00000-0000-0000-0000-000000000003', 'seg00000-0000-0000-0000-000000000004', 'Chem Q8: State of matter?', 'mcq', '["Solid", "Liquid", "Gas", "All of above"]', 'All of above', 5, '8'),
('que00000-0000-0000-0000-000000000021', 'org00000-0000-0000-0000-000000000001', 'sub00000-0000-0000-0000-000000000003', 'exa00000-0000-0000-0000-000000000003', 'seg00000-0000-0000-0000-000000000004', 'Chem Q9: Electron valency?', 'short_answer', null, 'bond', 5, '9'),
('que00000-0000-0000-0000-000000000022', 'org00000-0000-0000-0000-000000000001', 'sub00000-0000-0000-0000-000000000003', 'exa00000-0000-0000-0000-000000000003', 'seg00000-0000-0000-0000-000000000004', 'Chem Q10: Heavier than sir?', 'mcq', '["Air", "Helium", "Hydrogen", "Radon"]', 'Radon', 5, '10')
ON CONFLICT (id) DO NOTHING;

-- 8. Batches
INSERT INTO public.batches (id, organization_id, name)
VALUES 
('bat00000-0000-0000-0000-000000000001', 'org00000-0000-0000-0000-000000000001', 'Science Batch 2026')
ON CONFLICT (id) DO NOTHING;

-- 9. Exam Batch Mapper
INSERT INTO public.exam_batch_mapper (organization_id, exam_id, batch_id)
VALUES 
('org00000-0000-0000-0000-000000000001', 'exa00000-0000-0000-0000-000000000001', 'bat00000-0000-0000-0000-000000000001')
ON CONFLICT (exam_id, batch_id) DO NOTHING;

-- 10. Question Batch Mapper
INSERT INTO public.question_batch_mapper (organization_id, question_id, batch_id)
VALUES 
('org00000-0000-0000-0000-000000000001', 'que00000-0000-0000-0000-000000000001', 'bat00000-0000-0000-0000-000000000001')
ON CONFLICT (question_id, batch_id) DO NOTHING;

-- 11. Batch Member Mapper
INSERT INTO public.batch_member_mapper (organization_id, batch_id, student_id)
VALUES 
('org00000-0000-0000-0000-000000000001', 'bat00000-0000-0000-0000-000000000001', 'mem00000-0000-0000-0000-300000000003')
ON CONFLICT (batch_id, student_id) DO NOTHING;

-- 12. Submissions
INSERT INTO public.submissions (id, organization_id, exam_id, student_id, started_at, submitted_at)
VALUES 
('subm0000-0000-0000-0000-000000000001', 'org00000-0000-0000-0000-000000000001', 'exa00000-0000-0000-0000-000000000001', 'mem00000-0000-0000-0000-300000000003', NOW() - INTERVAL '30 minutes', NOW() - INTERVAL '5 minutes'),

-- 10 submissions from Student 2 (mem 5) on Physics (Exam 2)
('subm0002-0000-0000-0000-000000000001', 'org00000-0000-0000-0000-000000000001', 'exa00000-0000-0000-0000-000000000002', 'mem00000-0000-0000-0000-500000000005', NOW() - INTERVAL '5 days', NOW() - INTERVAL '5 days'),
('subm0002-0000-0000-0000-000000000002', 'org00000-0000-0000-0000-000000000001', 'exa00000-0000-0000-0000-000000000002', 'mem00000-0000-0000-0000-500000000005', NOW() - INTERVAL '4 days', NOW() - INTERVAL '4 days'),
('subm0002-0000-0000-0000-000000000003', 'org00000-0000-0000-0000-000000000001', 'exa00000-0000-0000-0000-000000000002', 'mem00000-0000-0000-0000-500000000005', NOW() - INTERVAL '3 days', NOW() - INTERVAL '3 days'),
('subm0002-0000-0000-0000-000000000004', 'org00000-0000-0000-0000-000000000001', 'exa00000-0000-0000-0000-000000000002', 'mem00000-0000-0000-0000-500000000005', NOW() - INTERVAL '2 days', NOW() - INTERVAL '2 days'),
('subm0002-0000-0000-0000-000000000005', 'org00000-0000-0000-0000-000000000001', 'exa00000-0000-0000-0000-000000000002', 'mem00000-0000-0000-0000-500000000005', NOW() - INTERVAL '1 days', NOW() - INTERVAL '1 days'),
('subm0002-0000-0000-0000-000000000006', 'org00000-0000-0000-0000-000000000001', 'exa00000-0000-0000-0000-000000000002', 'mem00000-0000-0000-0000-500000000005', NOW() - INTERVAL '12 hours', NOW() - INTERVAL '11 hours'),
('subm0002-0000-0000-0000-000000000007', 'org00000-0000-0000-0000-000000000001', 'exa00000-0000-0000-0000-000000000002', 'mem00000-0000-0000-0000-500000000005', NOW() - INTERVAL '10 hours', NOW() - INTERVAL '9 hours'),
('subm0002-0000-0000-0000-000000000008', 'org00000-0000-0000-0000-000000000001', 'exa00000-0000-0000-0000-000000000002', 'mem00000-0000-0000-0000-500000000005', NOW() - INTERVAL '8 hours', NOW() - INTERVAL '7 hours'),
('subm0002-0000-0000-0000-000000000009', 'org00000-0000-0000-0000-000000000001', 'exa00000-0000-0000-0000-000000000002', 'mem00000-0000-0000-0000-500000000005', NOW() - INTERVAL '6 hours', NOW() - INTERVAL '5 hours'),
('subm0002-0000-0000-0000-000000000010', 'org00000-0000-0000-0000-000000000001', 'exa00000-0000-0000-0000-000000000002', 'mem00000-0000-0000-0000-500000000005', NOW() - INTERVAL '4 hours', NOW() - INTERVAL '3 hours'),

-- 10 submissions from Student 3 (mem 6) on Chemistry (Exam 3)
('subm0003-0000-0000-0000-000000000001', 'org00000-0000-0000-0000-000000000001', 'exa00000-0000-0000-0000-000000000003', 'mem00000-0000-0000-0000-600000000006', NOW() - INTERVAL '5 days', NOW() - INTERVAL '5 days'),
('subm0003-0000-0000-0000-000000000002', 'org00000-0000-0000-0000-000000000001', 'exa00000-0000-0000-0000-000000000003', 'mem00000-0000-0000-0000-600000000006', NOW() - INTERVAL '4 days', NOW() - INTERVAL '4 days'),
('subm0003-0000-0000-0000-000000000003', 'org00000-0000-0000-0000-000000000001', 'exa00000-0000-0000-0000-000000000003', 'mem00000-0000-0000-0000-600000000006', NOW() - INTERVAL '3 days', NOW() - INTERVAL '3 days'),
('subm0003-0000-0000-0000-000000000004', 'org00000-0000-0000-0000-000000000001', 'exa00000-0000-0000-0000-000000000003', 'mem00000-0000-0000-0000-600000000006', NOW() - INTERVAL '2 days', NOW() - INTERVAL '2 days'),
('subm0003-0000-0000-0000-000000000005', 'org00000-0000-0000-0000-000000000001', 'exa00000-0000-0000-0000-000000000003', 'mem00000-0000-0000-0000-600000000006', NOW() - INTERVAL '1 days', NOW() - INTERVAL '1 days'),
('subm0003-0000-0000-0000-000000000006', 'org00000-0000-0000-0000-000000000001', 'exa00000-0000-0000-0000-000000000003', 'mem00000-0000-0000-0000-600000000006', NOW() - INTERVAL '12 hours', NOW() - INTERVAL '11 hours'),
('subm0003-0000-0000-0000-000000000007', 'org00000-0000-0000-0000-000000000001', 'exa00000-0000-0000-0000-000000000003', 'mem00000-0000-0000-0000-600000000006', NOW() - INTERVAL '10 hours', NOW() - INTERVAL '9 hours'),
('subm0003-0000-0000-0000-000000000008', 'org00000-0000-0000-0000-000000000001', 'exa00000-0000-0000-0000-000000000003', 'mem00000-0000-0000-0000-600000000006', NOW() - INTERVAL '8 hours', NOW() - INTERVAL '7 hours'),
('subm0003-0000-0000-0000-000000000009', 'org00000-0000-0000-0000-000000000001', 'exa00000-0000-0000-0000-000000000003', 'mem00000-0000-0000-0000-600000000006', NOW() - INTERVAL '6 hours', NOW() - INTERVAL '5 hours'),
('subm0003-0000-0000-0000-000000000010', 'org00000-0000-0000-0000-000000000001', 'exa00000-0000-0000-0000-000000000003', 'mem00000-0000-0000-0000-600000000006', NOW() - INTERVAL '4 hours', NOW() - INTERVAL '3 hours')
ON CONFLICT (id) DO NOTHING;

-- 13. Submission Secret Data
INSERT INTO public.submission_secret_data (organization_id, submission_id, exam_id, is_graded, total_score)
VALUES 
('org00000-0000-0000-0000-000000000001', 'subm0000-0000-0000-0000-000000000001', 'exa00000-0000-0000-0000-000000000001', true, 10),

('org00000-0000-0000-0000-000000000001', 'subm0002-0000-0000-0000-000000000001', 'exa00000-0000-0000-0000-000000000002', true, 50),
('org00000-0000-0000-0000-000000000001', 'subm0002-0000-0000-0000-000000000002', 'exa00000-0000-0000-0000-000000000002', true, 45),
('org00000-0000-0000-0000-000000000001', 'subm0002-0000-0000-0000-000000000003', 'exa00000-0000-0000-0000-000000000002', true, 40),
('org00000-0000-0000-0000-000000000001', 'subm0002-0000-0000-0000-000000000004', 'exa00000-0000-0000-0000-000000000002', true, 35),
('org00000-0000-0000-0000-000000000001', 'subm0002-0000-0000-0000-000000000005', 'exa00000-0000-0000-0000-000000000002', true, 30),
('org00000-0000-0000-0000-000000000001', 'subm0002-0000-0000-0000-000000000006', 'exa00000-0000-0000-0000-000000000002', true, 50),
('org00000-0000-0000-0000-000000000001', 'subm0002-0000-0000-0000-000000000007', 'exa00000-0000-0000-0000-000000000002', true, 45),
('org00000-0000-0000-0000-000000000001', 'subm0002-0000-0000-0000-000000000008', 'exa00000-0000-0000-0000-000000000002', true, 40),
('org00000-0000-0000-0000-000000000001', 'subm0002-0000-0000-0000-000000000009', 'exa00000-0000-0000-0000-000000000002', true, 35),
('org00000-0000-0000-0000-000000000001', 'subm0002-0000-0000-0000-000000000010', 'exa00000-0000-0000-0000-000000000002', true, 30),

('org00000-0000-0000-0000-000000000001', 'subm0003-0000-0000-0000-000000000001', 'exa00000-0000-0000-0000-000000000003', true, 50),
('org00000-0000-0000-0000-000000000001', 'subm0003-0000-0000-0000-000000000002', 'exa00000-0000-0000-0000-000000000003', true, 45),
('org00000-0000-0000-0000-000000000001', 'subm0003-0000-0000-0000-000000000003', 'exa00000-0000-0000-0000-000000000003', true, 40),
('org00000-0000-0000-0000-000000000001', 'subm0003-0000-0000-0000-000000000004', 'exa00000-0000-0000-0000-000000000003', true, 35),
('org00000-0000-0000-0000-000000000001', 'subm0003-0000-0000-0000-000000000005', 'exa00000-0000-0000-0000-000000000003', true, 30),
('org00000-0000-0000-0000-000000000001', 'subm0003-0000-0000-0000-000000000006', 'exa00000-0000-0000-0000-000000000003', true, 50),
('org00000-0000-0000-0000-000000000001', 'subm0003-0000-0000-0000-000000000007', 'exa00000-0000-0000-0000-000000000003', true, 45),
('org00000-0000-0000-0000-000000000001', 'subm0003-0000-0000-0000-000000000008', 'exa00000-0000-0000-0000-000000000003', true, 40),
('org00000-0000-0000-0000-000000000001', 'subm0003-0000-0000-0000-000000000009', 'exa00000-0000-0000-0000-000000000003', true, 35),
('org00000-0000-0000-0000-000000000001', 'subm0003-0000-0000-0000-000000000010', 'exa00000-0000-0000-0000-000000000003', true, 30)
ON CONFLICT (submission_id) DO NOTHING;

-- 14. Answers
INSERT INTO public.answers (id, organization_id, submission_id, question_id, answer_text)
VALUES 
('ans00000-0000-0000-0000-000000000001', 'org00000-0000-0000-0000-000000000001', 'subm0000-0000-0000-0000-000000000001', 'que00000-0000-0000-0000-000000000001', '4'),
('ans00000-0000-0000-0000-000000000002', 'org00000-0000-0000-0000-000000000001', 'subm0000-0000-0000-0000-000000000001', 'que00000-0000-0000-0000-000000000002', '180'),

-- Physics Q1-Q2 Submissions mapped answers for Subm0002...1
('ans0002-0000-0000-0000-000000000001', 'org00000-0000-0000-0000-000000000001', 'subm0002-0000-0000-0000-000000000001', 'que00000-0000-0000-0000-000000000003', 'acceleration'),
('ans0002-0000-0000-0000-000000000002', 'org00000-0000-0000-0000-000000000001', 'subm0002-0000-0000-0000-000000000001', 'que00000-0000-0000-0000-000000000004', 'watt'),

-- Chem Q1-Q2 Submissions mapped answers for Subm0003...1
('ans0003-0000-0000-0000-000000000001', 'org00000-0000-0000-0000-000000000001', 'subm0003-0000-0000-0000-000000000001', 'que00000-0000-0000-0000-000000000013', 'H2O'),
('ans0003-0000-0000-0000-000000000002', 'org00000-0000-0000-0000-000000000001', 'subm0003-0000-0000-0000-000000000001', 'que00000-0000-0000-0000-000000000014', '7')
ON CONFLICT (id) DO NOTHING;

-- 15. Org Join Requests
INSERT INTO public.org_join_requests (id, org_id, student_id, for_role, status)
VALUES 
('req00000-0000-0000-0000-000000000001', 'org00000-0000-0000-0000-000000000001', '40000000-0000-0000-0000-400000000004', 'student', 'pending')
ON CONFLICT (id) DO NOTHING;
